timestamp, id, price (in eth), price (in wei), from, to, block
2021-03-29 01:06:38 UTC, 0x009241c375, -, -, 0x26011974d9919ba43c83b5c89a5d8f99ee7387f2, WrappedMoonCatRescue (WMCR), 12131068
2021-03-29 01:42:57 UTC, 0x003bcd9015, -, -, 0x2943656be622e26a6e4cf257226c13819ba365dc, WrappedMoonCatRescue (WMCR), 12131233
2021-03-29 03:09:42 UTC, 0x00f0b2a04b, 0.000000, 10, 0x37636561a072c4a5ec462338cef0eab5d6102144, 0x62223651d6a33d58be70eb9876c3caf7096169ef, 12131593
2021-03-29 03:20:36 UTC, 0x0069a1e07a, -, -, 0x26011974d9919ba43c83b5c89a5d8f99ee7387f2, WrappedMoonCatRescue (WMCR), 12131647
2021-03-29 03:20:48 UTC, 0x00217dd764, -, -, WrappedMoonCatRescue (WMCR), 0x955807f8cb79c3a0f4f1e20a8eb336c51d37e5ca, 12131650
2021-03-29 03:21:36 UTC, 0x0019050ba6, -, -, 0x26011974d9919ba43c83b5c89a5d8f99ee7387f2, WrappedMoonCatRescue (WMCR), 12131655
2021-03-29 03:34:00 UTC, 0x002dbfb45f, -, -, 0x26011974d9919ba43c83b5c89a5d8f99ee7387f2, WrappedMoonCatRescue (WMCR), 12131701
2021-03-29 04:00:09 UTC, 0x00f6cb21fc, 0.530000, 530000000000000000, 0xb11c61923861695eb47cfb3ccc473173c9cf7a28, 0xfca5bccedd2e12ec0557300fbc6c736c328f4122, 12131825
2021-03-29 04:00:49 UTC, 0x00acb6ae9a, 0.540000, 540000000000000000, 0xb11c61923861695eb47cfb3ccc473173c9cf7a28, 0xfca5bccedd2e12ec0557300fbc6c736c328f4122, 12131828
2021-03-29 04:22:33 UTC, 0x007cd9dd18, -, -, 0x26011974d9919ba43c83b5c89a5d8f99ee7387f2, WrappedMoonCatRescue (WMCR), 12131927
2021-03-29 04:42:18 UTC, 0x00d07a7fcb, -, -, 0x26011974d9919ba43c83b5c89a5d8f99ee7387f2, WrappedMoonCatRescue (WMCR), 12132031
2021-03-29 04:47:41 UTC, 0x005d0b9156, -, -, 0x26011974d9919ba43c83b5c89a5d8f99ee7387f2, WrappedMoonCatRescue (WMCR), 12132057
2021-03-29 05:12:54 UTC, 0x0023260d88, -, -, 0xd50c96d3c578a8cdd89b890ad0563bec66947c84, WrappedMoonCatRescue (WMCR), 12132177
2021-03-29 06:28:13 UTC, 0x00d08dc32f, -, -, 0x7ecb7a50d54d7985604dba59acb2705b0871572c, WrappedMoonCatRescue (WMCR), 12132523
2021-03-29 07:05:33 UTC, 0x006b9b0b1f, -, -, 0x03f9bc4648a98cdc61fca7a177d809edab2c14fc, WrappedMoonCatRescue (WMCR), 12132686
2021-03-29 07:25:34 UTC, 0x003159323b, -, -, 0x402f0261853b8a16140418cc1e0ff700c0584b7a, WrappedMoonCatRescue (WMCR), 12132777
2021-03-29 09:56:25 UTC, 0x0062548878, -, -, 0x000001f568875f378bf6d170b790967fe429c81a, 0xf563f100df419ccde59bfbe0692fc4c5bfe01706, 12133448
2021-03-29 10:43:35 UTC, 0x0042a8fc97, 0.310000, 310000000000000000, 0x1f397d27ae824f3e9165ab697455fc4b8f2e70db, 0x18ba0a1b3a9bb30abef0d0dabdc8e443d4b0b2ec, 12133650
2021-03-29 10:53:06 UTC, 0x0058f59eec, 0.310000, 310000000000000000, 0x1f397d27ae824f3e9165ab697455fc4b8f2e70db, 0xff6ddb157773197c31a834f6a294c7d0c0abc79f, 12133689
2021-03-29 11:30:58 UTC, 0x00557c4cba, 0.310000, 310000000000000000, 0x1f397d27ae824f3e9165ab697455fc4b8f2e70db, 0x1d7b087234d89510be132f8835c04d696be4f43a, 12133885
2021-03-29 11:31:59 UTC, 0x007edc5c7f, 0.310000, 310000000000000000, 0x1f397d27ae824f3e9165ab697455fc4b8f2e70db, 0xfca5bccedd2e12ec0557300fbc6c736c328f4122, 12133892
2021-03-29 11:33:23 UTC, 0x00d4520dc6, 0.330000, 330000000000000000, 0x5b331eb6df00b5765894f88e54d2a87128188ec7, 0x1d7b087234d89510be132f8835c04d696be4f43a, 12133901
2021-03-29 11:38:42 UTC, 0x000ea2c86f, 0.389000, 389000000000000000, 0xbac42c9b32e574f41b86e20fba0cf479a5a1ca58, 0xd7b23457664b2eb892d1da114eb1109fb6faf4be, 12133926
2021-03-29 12:22:18 UTC, 0x004149daca, -, -, 0xd5cec9a13b8341198be9ba60b110785e9f4d28d7, WrappedMoonCatRescue (WMCR), 12134114
2021-03-29 14:05:58 UTC, 0x002f7f5a97, -, -, 0x991bc95d32858b7eacfc2c66415be0a7a01e82fd, 0x1ba8d2bbce4c2fd4885f032e298c80ab728504b7, 12134599
2021-03-29 14:12:48 UTC, 0x00108c2416, -, -, 0x991bc95d32858b7eacfc2c66415be0a7a01e82fd, 0x1ba8d2bbce4c2fd4885f032e298c80ab728504b7, 12134627
2021-03-29 14:12:50 UTC, 0x001bf89bd1, -, -, 0x991bc95d32858b7eacfc2c66415be0a7a01e82fd, 0x1ba8d2bbce4c2fd4885f032e298c80ab728504b7, 12134628
2021-03-29 14:12:50 UTC, 0x004bb07a7a, -, -, 0x991bc95d32858b7eacfc2c66415be0a7a01e82fd, 0x1ba8d2bbce4c2fd4885f032e298c80ab728504b7, 12134628
2021-03-29 14:12:50 UTC, 0x007f8f87da, -, -, 0x991bc95d32858b7eacfc2c66415be0a7a01e82fd, 0x1ba8d2bbce4c2fd4885f032e298c80ab728504b7, 12134628
2021-03-29 14:12:50 UTC, 0x00d73f4246, -, -, 0x991bc95d32858b7eacfc2c66415be0a7a01e82fd, 0x1ba8d2bbce4c2fd4885f032e298c80ab728504b7, 12134628
2021-03-29 14:17:11 UTC, 0x00448df376, -, -, 0x991bc95d32858b7eacfc2c66415be0a7a01e82fd, 0x1ba8d2bbce4c2fd4885f032e298c80ab728504b7, 12134646
2021-03-29 14:17:11 UTC, 0x009c30ffaf, -, -, 0x991bc95d32858b7eacfc2c66415be0a7a01e82fd, 0x1ba8d2bbce4c2fd4885f032e298c80ab728504b7, 12134646
2021-03-29 14:17:11 UTC, 0x00ceb1c6e7, -, -, 0x991bc95d32858b7eacfc2c66415be0a7a01e82fd, 0x1ba8d2bbce4c2fd4885f032e298c80ab728504b7, 12134646
2021-03-29 14:18:13 UTC, 0x0011484c3b, -, -, 0x991bc95d32858b7eacfc2c66415be0a7a01e82fd, 0x1ba8d2bbce4c2fd4885f032e298c80ab728504b7, 12134649
2021-03-29 14:18:13 UTC, 0x00712fc9cb, -, -, 0x991bc95d32858b7eacfc2c66415be0a7a01e82fd, 0x1ba8d2bbce4c2fd4885f032e298c80ab728504b7, 12134649
2021-03-29 14:19:20 UTC, 0x000beb7cb1, -, -, 0x991bc95d32858b7eacfc2c66415be0a7a01e82fd, 0x1ba8d2bbce4c2fd4885f032e298c80ab728504b7, 12134654
2021-03-29 14:19:20 UTC, 0x0013854c76, -, -, 0x991bc95d32858b7eacfc2c66415be0a7a01e82fd, 0x1ba8d2bbce4c2fd4885f032e298c80ab728504b7, 12134654
2021-03-29 14:19:20 UTC, 0x0033dd8d0a, -, -, 0x991bc95d32858b7eacfc2c66415be0a7a01e82fd, 0x1ba8d2bbce4c2fd4885f032e298c80ab728504b7, 12134654
2021-03-29 14:19:20 UTC, 0x00427ed983, -, -, 0x991bc95d32858b7eacfc2c66415be0a7a01e82fd, 0x1ba8d2bbce4c2fd4885f032e298c80ab728504b7, 12134654
2021-03-29 14:19:20 UTC, 0x005c5f5435, -, -, 0x991bc95d32858b7eacfc2c66415be0a7a01e82fd, 0x1ba8d2bbce4c2fd4885f032e298c80ab728504b7, 12134654
2021-03-29 14:19:20 UTC, 0x00610f063d, -, -, 0x991bc95d32858b7eacfc2c66415be0a7a01e82fd, 0x1ba8d2bbce4c2fd4885f032e298c80ab728504b7, 12134654
2021-03-29 14:19:20 UTC, 0x0062f1ca78, -, -, 0x991bc95d32858b7eacfc2c66415be0a7a01e82fd, 0x1ba8d2bbce4c2fd4885f032e298c80ab728504b7, 12134654
2021-03-29 14:19:20 UTC, 0x007b40f621, -, -, 0x991bc95d32858b7eacfc2c66415be0a7a01e82fd, 0x1ba8d2bbce4c2fd4885f032e298c80ab728504b7, 12134654
2021-03-29 14:19:20 UTC, 0x00ae7a03e0, -, -, 0x991bc95d32858b7eacfc2c66415be0a7a01e82fd, 0x1ba8d2bbce4c2fd4885f032e298c80ab728504b7, 12134654
2021-03-29 14:19:20 UTC, 0x00bfd36925, -, -, 0x991bc95d32858b7eacfc2c66415be0a7a01e82fd, 0x1ba8d2bbce4c2fd4885f032e298c80ab728504b7, 12134654
2021-03-29 14:19:22 UTC, 0x00ffc8d214, -, -, 0x991bc95d32858b7eacfc2c66415be0a7a01e82fd, 0x1ba8d2bbce4c2fd4885f032e298c80ab728504b7, 12134655
2021-03-29 14:20:18 UTC, 0x00333ac6bb, -, -, 0x991bc95d32858b7eacfc2c66415be0a7a01e82fd, 0x1ba8d2bbce4c2fd4885f032e298c80ab728504b7, 12134658
2021-03-29 14:20:18 UTC, 0x00923736d4, -, -, 0x991bc95d32858b7eacfc2c66415be0a7a01e82fd, 0x1ba8d2bbce4c2fd4885f032e298c80ab728504b7, 12134658
2021-03-29 14:21:23 UTC, 0x008030fab8, -, -, 0x991bc95d32858b7eacfc2c66415be0a7a01e82fd, 0x1ba8d2bbce4c2fd4885f032e298c80ab728504b7, 12134665
2021-03-29 14:24:06 UTC, 0x0008a9278f, -, -, 0x991bc95d32858b7eacfc2c66415be0a7a01e82fd, 0x1ba8d2bbce4c2fd4885f032e298c80ab728504b7, 12134672
2021-03-29 14:24:06 UTC, 0x0016722969, -, -, 0x991bc95d32858b7eacfc2c66415be0a7a01e82fd, 0x1ba8d2bbce4c2fd4885f032e298c80ab728504b7, 12134672
2021-03-29 14:24:06 UTC, 0x0061713a34, -, -, 0x991bc95d32858b7eacfc2c66415be0a7a01e82fd, 0x1ba8d2bbce4c2fd4885f032e298c80ab728504b7, 12134672
2021-03-29 14:24:06 UTC, 0x0088a5c4e5, -, -, 0x991bc95d32858b7eacfc2c66415be0a7a01e82fd, 0x1ba8d2bbce4c2fd4885f032e298c80ab728504b7, 12134672
2021-03-29 14:24:20 UTC, 0x003fc87197, -, -, 0x991bc95d32858b7eacfc2c66415be0a7a01e82fd, 0x1ba8d2bbce4c2fd4885f032e298c80ab728504b7, 12134674
2021-03-29 14:24:20 UTC, 0x006dd3fd40, -, -, 0x991bc95d32858b7eacfc2c66415be0a7a01e82fd, 0x1ba8d2bbce4c2fd4885f032e298c80ab728504b7, 12134674
2021-03-29 14:24:30 UTC, 0x005cc3e976, -, -, 0x991bc95d32858b7eacfc2c66415be0a7a01e82fd, 0x1ba8d2bbce4c2fd4885f032e298c80ab728504b7, 12134675
2021-03-29 14:26:59 UTC, 0x00c0013a82, -, -, 0x991bc95d32858b7eacfc2c66415be0a7a01e82fd, 0x1ba8d2bbce4c2fd4885f032e298c80ab728504b7, 12134684
2021-03-29 14:27:09 UTC, 0x00203b1ec4, -, -, 0x991bc95d32858b7eacfc2c66415be0a7a01e82fd, 0x1ba8d2bbce4c2fd4885f032e298c80ab728504b7, 12134685
2021-03-29 14:27:09 UTC, 0x009e8e63ee, -, -, 0x991bc95d32858b7eacfc2c66415be0a7a01e82fd, 0x1ba8d2bbce4c2fd4885f032e298c80ab728504b7, 12134685
2021-03-29 14:27:47 UTC, 0x005ebee7de, -, -, 0x991bc95d32858b7eacfc2c66415be0a7a01e82fd, 0x1ba8d2bbce4c2fd4885f032e298c80ab728504b7, 12134688
2021-03-29 14:27:47 UTC, 0x006da708d5, -, -, 0x991bc95d32858b7eacfc2c66415be0a7a01e82fd, 0x1ba8d2bbce4c2fd4885f032e298c80ab728504b7, 12134688
2021-03-29 14:27:47 UTC, 0x00f2d03aad, -, -, 0x991bc95d32858b7eacfc2c66415be0a7a01e82fd, 0x1ba8d2bbce4c2fd4885f032e298c80ab728504b7, 12134688
2021-03-29 15:15:22 UTC, 0x00a25f5584, 0.300000, 300000000000000000, 0x0b461468951c17801fc368c2343c3872a2e39117, 0xfca5bccedd2e12ec0557300fbc6c736c328f4122, 12134900
2021-03-29 16:36:02 UTC, 0x008e86c6d3, -, -, 0x616ed054e0e0fdbfcad3fa2f42daed3d7d4ee448, WrappedMoonCatRescue (WMCR), 12135260
2021-03-29 16:37:32 UTC, 0x004b93230f, -, -, 0x616ed054e0e0fdbfcad3fa2f42daed3d7d4ee448, WrappedMoonCatRescue (WMCR), 12135265
2021-03-29 16:37:32 UTC, 0x005e11f359, -, -, 0x616ed054e0e0fdbfcad3fa2f42daed3d7d4ee448, WrappedMoonCatRescue (WMCR), 12135265
2021-03-29 16:42:23 UTC, 0x000c7ca915, 0.300000, 300000000000000000, 0x0b461468951c17801fc368c2343c3872a2e39117, 0x1d7b087234d89510be132f8835c04d696be4f43a, 12135284
2021-03-29 16:47:37 UTC, 0x008f03e2a1, 0.300000, 300000000000000000, 0x4bf4a673858d72f69d1515de302321c48c7233b3, 0xfca5bccedd2e12ec0557300fbc6c736c328f4122, 12135314
2021-03-29 21:57:35 UTC, 0xff02000ca7, 0.001000, 1000000000000000, 0x26bc0497a31d570a290edec354d95b3d8c797a1a, 0x89d6c62ba6a5923178c210090eb6c1553b3d78b3, 12136668
2021-03-29 23:22:22 UTC, 0x00f0b2a04b, 0.310000, 310000000000000000, 0x62223651d6a33d58be70eb9876c3caf7096169ef, 0x06fd7f49ca5bc7929a92b1c7b4639f049b413820, 12137095
2021-03-29 23:34:25 UTC, 0x00c64d8fea, 0.330000, 330000000000000000, 0x5b331eb6df00b5765894f88e54d2a87128188ec7, 0x41d870c141f7a6ae406ddc5f5de566499714b8c6, 12137159
